{
  "project_info": {
    "project_number": "1090284446970",
    "firebase_url": "https://refram-d439f.firebaseio.com",
    "project_id": "refram-d439f",
    "storage_bucket": "refram-d439f.appspot.com"
  },
  "client": [
    {
      "client_info": {
        "mobilesdk_app_id": "1:1090284446970:android:ce0694f89a580ab7d11543",
        "android_client_info": {
          "package_name": "com.example.refram"
        }
      },
      "oauth_client": [
        {
          "client_id": "1090284446970-ij6uf2m98c7icce60ujbf3uvcdl3a9io.apps.googleusercontent.com",
          "client_type": 1,
          "android_info": {
            "package_name": "com.example.refram",
            "certificate_hash": "a18bbc0904d2326f2865ac53ff3c7f1275f1516b"
          }
        },
        {
          "client_id": "1090284446970-di6a2khqmf4s7lf3iflrno1m4p03ae50.apps.googleusercontent.com",
          "client_type": 3
        }
      ],
      "api_key": [
        {
          "current_key": "AIzaSyAhnUGiAo9sHY9tHCErJ38ihLOMQUrphVs"
        }
      ],
      "services": {
        "appinvite_service": {
          "other_platform_oauth_client": [
            {
              "client_id": "1090284446970-di6a2khqmf4s7lf3iflrno1m4p03ae50.apps.googleusercontent.com",
              "client_type": 3
            }
          ]
        }
      }
    }
  ],
  "configuration_version": "1"
}